{
    "id": "1.18.2-forge-40.2.14-Optifine-1.18.2_HD_U_H9_pre3",
    "inheritsFrom": "1.18.2-forge-40.2.14",
    "arguments": {
        "game": [
            "--tweakClass",
            "optifine.OptiFineForgeTweaker"
        ],
        "jvm": []
    },
    "releaseTime": "2024-08-15T21:39:45.602Z",
    "time": "2024-08-15T21:39:45.602Z",
    "type": "release",
    "libraries": [
        {
            "name": "optifine:launchwrapper-of:2.3"
        },
        {
            "name": "optifine:Optifine:1.18.2_HD_U_H9_pre3"
        }
    ],
    "mainClass": "cpw.mods.bootstraplauncher.BootstrapLauncher",
    "minimumLauncherVersion": 21
}