{
  "name": "MinecraftSerwer",
  "resolution": {
    "width": 800,
    "height": 400,
    "fullscreen": false
  },
  "minMemory": 0,
  "maxMemory": 0,
  "url": "",
  "icon": "",
  "runtime": {
    "minecraft": "1.18.2",
    "forge": "40.2.14",
    "liteloader": "",
    "fabricLoader": "",
    "yarn": "",
    "optifine": "HD_U_H9_pre3",
    "quiltLoader": "",
    "neoForged": "",
    "labyMod": ""
  },
  "java": "",
  "version": "1.18.2-forge-40.2.14-Optifine-1.18.2_HD_U_H9_pre3",
  "server": null,
  "author": "Grenka",
  "description": "",
  "lastAccessDate": 1723757877939,
  "creationDate": 1723757877900,
  "modpackVersion": "",
  "fileApi": "",
  "tags": [],
  "assignMemory": false,
  "showLog": false,
  "lastPlayedDate": 1723758188004,
  "playtime": 797659,
  "disableElybyAuthlib": false,
  "disableAuthlibInjector": false
}